"Ngày","Lần cuối","Mở","Cao","Thấp","KL","% Thay đổi"
"25/07/2023","1,199.43","1,195.13","1,202.39","1,194.89","243.48K","0.69%"
"24/07/2023","1,191.21","1,191.30","1,194.04","1,182.45","255.09K","0.39%"
"21/07/2023","1,186.60","1,167.74","1,186.60","1,166.55","243.82K","1.57%"
"20/07/2023","1,168.26","1,164.69","1,168.26","1,159.64","218.94K","0.26%"
"19/07/2023","1,165.19","1,169.64","1,171.07","1,165.19","198.67K","-0.14%"
"18/07/2023","1,166.82","1,163.70","1,167.81","1,159.05","221.18K","0.19%"
"17/07/2023","1,164.58","1,164.52","1,166.76","1,160.47","238.54K","0.34%"
"14/07/2023","1,160.59","1,160.50","1,162.16","1,146.26","287.04K","0.39%"
"13/07/2023","1,156.11","1,152.58","1,156.11","1,148.71","187.66K","0.83%"
"12/07/2023","1,146.54","1,147.63","1,150.88","1,141.81","223.01K","-0.01%"
"11/07/2023","1,146.67","1,144.35","1,152.16","1,143.60","233.52K","0.31%"
"10/07/2023","1,143.16","1,134.97","1,143.16","1,132.73","247.57K","1.22%"
"07/07/2023","1,129.43","1,118.20","1,129.43","1,116.02","163.61K","0.89%"
"06/07/2023","1,119.44","1,129.74","1,131.54","1,115.91","224.55K","-0.91%"
"05/07/2023","1,129.76","1,131.15","1,134.68","1,128.19","212.15K","0.16%"
"04/07/2023","1,128.00","1,123.54","1,128.35","1,119.29","163.47K","0.41%"
"03/07/2023","1,123.37","1,127.12","1,130.09","1,120.63","140.25K","0.02%"
"30/06/2023","1,123.13","1,125.21","1,127.28","1,121.21","158.13K","-0.19%"
"29/06/2023","1,125.29","1,141.81","1,142.72","1,125.29","218.03K","-1.39%"
"28/06/2023","1,141.12","1,135.89","1,143.53","1,131.92","254.96K","0.59%"
"27/06/2023","1,134.41","1,134.28","1,135.65","1,128.20","174.32K","0.28%"
"26/06/2023","1,131.23","1,130.04","1,134.11","1,118.53","238.65K","0.40%"
"23/06/2023","1,126.76","1,119.02","1,127.29","1,117.41","231.87K","0.82%"
"22/06/2023","1,117.60","1,119.25","1,122.60","1,115.57","199.39K","0.50%"
"21/06/2023","1,112.07","1,104.24","1,112.07","1,101.27","185.86K","0.71%"
"20/06/2023","1,104.27","1,098.92","1,104.27","1,095.38","145.93K","0.49%"
"19/06/2023","1,098.94","1,110.01","1,111.21","1,098.31","193.10K","-0.91%"
"16/06/2023","1,109.06","1,108.59","1,125.62","1,105.74","320.74K","0.04%"
"15/06/2023","1,108.57","1,110.52","1,113.23","1,104.60","171.34K","-0.18%"
"14/06/2023","1,110.60","1,116.53","1,123.86","1,110.60","230.82K","-0.43%"
"13/06/2023","1,115.39","1,110.95","1,115.39","1,108.50","237.70K","0.52%"
"12/06/2023","1,109.63","1,104.08","1,109.63","1,092.30","180.99K","0.80%"
"09/06/2023","1,100.85","1,095.41","1,100.85","1,089.37","198.75K","0.77%"
"08/06/2023","1,092.46","1,107.86","1,110.87","1,092.46","279.41K","-1.20%"
"07/06/2023","1,105.68","1,104.30","1,107.09","1,100.11","266.66K","0.30%"
"06/06/2023","1,102.32","1,091.71","1,102.32","1,090.95","198.43K","1.03%"
"05/06/2023","1,091.08","1,097.53","1,100.37","1,090.52","215.25K","0.38%"
"02/06/2023","1,086.96","1,074.51","1,089.22","1,073.95","263.65K","1.77%"
"01/06/2023","1,068.09","1,065.27","1,068.09","1,060.29","162.84K","0.17%"
"31/05/2023","1,066.33","1,072.72","1,074.30","1,063.44","193.47K","-0.51%"
"30/05/2023","1,071.82","1,073.99","1,074.46","1,066.98","169.59K","0.19%"
"29/05/2023","1,069.77","1,063.62","1,070.97","1,062.79","133.47K","0.84%"
"26/05/2023","1,060.81","1,064.26","1,064.95","1,060.14","110.97K","-0.13%"
"25/05/2023","1,062.15","1,061.16","1,064.24","1,057.35","137.27K","0.06%"
"24/05/2023","1,061.55","1,072.23","1,072.52","1,060.83","155.56K","-0.61%"
"23/05/2023","1,068.05","1,074.26","1,076.89","1,063.85","171.21K","-0.53%"
"22/05/2023","1,073.74","1,070.37","1,073.89","1,068.55","141.53K","0.46%"
"19/05/2023","1,068.84","1,072.77","1,072.77","1,060.72","122.55K","-0.18%"
"18/05/2023","1,070.76","1,065.39","1,076.86","1,063.08","146.69K","0.82%"
"17/05/2023","1,062.10","1,069.54","1,073.87","1,062.10","153.74K","-0.70%"
"16/05/2023","1,069.64","1,072.98","1,073.66","1,066.92","126.57K","-0.12%"
"15/05/2023","1,070.90","1,067.26","1,080.72","1,067.26","195.78K","0.42%"
"12/05/2023","1,066.44","1,056.09","1,066.44","1,051.75","168.09K","1.09%"
"11/05/2023","1,054.93","1,058.02","1,061.48","1,053.62","129.13K","-0.01%"
"10/05/2023","1,054.99","1,051.62","1,055.36","1,048.60","124.30K","0.51%"
"09/05/2023","1,049.67","1,049.86","1,054.49","1,049.23","104.91K","0.00%"
"08/05/2023","1,049.72","1,041.07","1,050.56","1,041.04","147.57K","1.08%"
"05/05/2023","1,038.46","1,038.51","1,042.11","1,035.07","91.88K","-0.11%"
"04/05/2023","1,039.64","1,046.32","1,047.93","1,038.23","126.65K","-1.12%"
"28/04/2023","1,051.43","1,045.38","1,051.43","1,044.56","140.09K","0.95%"
"27/04/2023","1,041.54","1,045.78","1,048.26","1,040.32","105.51K","-0.35%"
"26/04/2023","1,045.24","1,036.30","1,045.24","1,029.94","125.18K","0.79%"
"25/04/2023","1,037.04","1,046.60","1,051.54","1,036.93","121.26K","-0.87%"
"24/04/2023","1,046.17","1,049.24","1,054.00","1,041.46","104.50K","0.00%"
"21/04/2023","1,046.18","1,054.75","1,055.48","1,045.78","147.51K","-0.71%"
"20/04/2023","1,053.61","1,056.74","1,057.82","1,050.35","83.44K","-0.24%"
"19/04/2023","1,056.14","1,067.67","1,067.74","1,055.77","140.53K","-0.79%"
"18/04/2023","1,064.55","1,067.02","1,068.54","1,060.75","122.13K","-0.04%"
"17/04/2023","1,065.02","1,063.18","1,065.40","1,058.55","96.96K","0.15%"
"14/04/2023","1,063.43","1,078.36","1,079.87","1,063.43","173.43K","-1.05%"
"13/04/2023","1,074.67","1,081.78","1,082.21","1,072.11","156.89K","-0.56%"
"12/04/2023","1,080.69","1,083.06","1,084.26","1,077.86","196.54K","-0.09%"
"11/04/2023","1,081.71","1,075.76","1,082.89","1,067.28","179.52K","0.40%"
"10/04/2023","1,077.41","1,082.62","1,087.60","1,074.59","192.68K","-0.14%"
"07/04/2023","1,078.88","1,079.00","1,080.90","1,071.60","139.16K","0.00%"
"06/04/2023","1,078.86","1,091.15","1,093.99","1,078.86","233.21K","-1.01%"
"05/04/2023","1,089.83","1,088.33","1,089.83","1,082.73","193.49K","0.14%"
"04/04/2023","1,088.34","1,090.07","1,091.13","1,084.04","181.86K","-0.03%"
"03/04/2023","1,088.72","1,080.90","1,088.83","1,080.90","231.13K","1.40%"
"31/03/2023","1,073.68","1,067.72","1,078.15","1,067.72","187.27K","0.60%"
"30/03/2023","1,067.24","1,067.25","1,073.93","1,065.52","182.23K","0.55%"
"29/03/2023","1,061.45","1,059.87","1,061.45","1,053.12","136.52K","0.25%"
"28/03/2023","1,058.82","1,060.85","1,064.68","1,055.81","188.77K","0.22%"
"27/03/2023","1,056.45","1,052.68","1,059.65","1,046.80","163.10K","0.48%"
"24/03/2023","1,051.42","1,049.05","1,056.67","1,047.46","157.94K","0.46%"
"23/03/2023","1,046.60","1,038.93","1,046.60","1,033.23","112.09K","0.33%"
"22/03/2023","1,043.14","1,035.49","1,046.48","1,035.04","138.72K","0.78%"
"21/03/2023","1,035.04","1,031.34","1,036.18","1,016.77","138.38K","1.03%"
"20/03/2023","1,024.50","1,041.86","1,042.07","1,021.67","145.47K","-2.22%"
"17/03/2023","1,047.71","1,053.48","1,055.20","1,043.28","181.68K","0.07%"
"16/03/2023","1,046.99","1,056.81","1,059.61","1,039.89","149.06K","-1.63%"
"15/03/2023","1,064.38","1,040.63","1,064.65","1,040.63","188.59K","2.61%"
"14/03/2023","1,037.35","1,047.47","1,049.35","1,032.51","168.37K","-1.21%"
"13/03/2023","1,050.07","1,042.60","1,053.64","1,041.25","194.88K","0.27%"
"10/03/2023","1,047.20","1,044.51","1,049.45","1,039.59","128.92K","-0.29%"
"09/03/2023","1,050.28","1,042.11","1,056.56","1,041.49","184.27K","0.93%"
"08/03/2023","1,040.59","1,017.35","1,040.59","1,017.35","141.32K","1.31%"
"07/03/2023","1,027.16","1,025.78","1,037.97","1,024.02","144.46K","1.27%"
"06/03/2023","1,014.26","1,022.57","1,034.56","1,014.26","116.86K","0.09%"
"03/03/2023","1,013.35","1,029.59","1,033.71","1,011.61","87.58K","-1.50%"
"02/03/2023","1,028.73","1,032.84","1,037.73","1,025.13","89.26K","-0.55%"
"01/03/2023","1,034.43","1,013.83","1,034.43","1,001.05","116.92K","1.92%"
"28/02/2023","1,014.96","1,018.66","1,026.65","1,009.18","89.49K","0.35%"
"27/02/2023","1,011.46","1,028.67","1,028.67","1,006.32","135.20K","-1.84%"
"24/02/2023","1,030.42","1,048.22","1,048.27","1,027.16","95.83K","-1.95%"
"23/02/2023","1,050.95","1,050.07","1,050.95","1,026.92","171.91K","-0.01%"
"22/02/2023","1,051.08","1,078.98","1,078.98","1,051.08","185.39K","-2.76%"
"21/02/2023","1,080.90","1,089.77","1,096.35","1,080.12","162.73K","-0.59%"
"20/02/2023","1,087.36","1,052.38","1,087.36","1,052.36","190.18K","3.19%"
"17/02/2023","1,053.72","1,055.29","1,057.59","1,047.13","121.13K","-0.15%"
"16/02/2023","1,055.26","1,047.66","1,055.26","1,040.01","122.23K","1.14%"
"15/02/2023","1,043.34","1,032.58","1,048.85","1,028.11","180.54K","0.81%"
"14/02/2023","1,034.93","1,040.85","1,042.96","1,030.51","110.77K","-0.53%"
"13/02/2023","1,040.40","1,044.49","1,045.60","1,024.98","156.78K","-0.80%"
"10/02/2023","1,048.74","1,060.91","1,064.53","1,048.13","112.86K","-1.05%"
"09/02/2023","1,059.91","1,070.32","1,076.48","1,059.91","137.75K","-1.25%"
"08/02/2023","1,073.38","1,072.08","1,082.89","1,064.93","154.79K","0.36%"
"07/02/2023","1,069.50","1,094.51","1,096.93","1,068.71","192.82K","-2.27%"
"06/02/2023","1,094.37","1,078.72","1,094.45","1,073.44","144.68K","0.80%"
"03/02/2023","1,085.70","1,094.14","1,095.87","1,081.05","184.37K","-0.71%"
"02/02/2023","1,093.48","1,093.55","1,099.39","1,082.97","164.04K","0.50%"
"01/02/2023","1,088.09","1,128.13","1,130.20","1,088.09","285.54K","-3.29%"
"31/01/2023","1,125.07","1,112.60","1,125.07","1,098.65","197.90K","1.00%"
"30/01/2023","1,113.95","1,132.45","1,132.97","1,113.95","199.04K","-1.48%"
"27/01/2023","1,130.65","1,128.45","1,142.08","1,125.12","166.00K","0.78%"
"19/01/2023","1,121.92","1,110.50","1,126.12","1,108.96","198.68K","0.56%"
"18/01/2023","1,115.72","1,106.89","1,117.23","1,104.98","152.88K","1.09%"
"17/01/2023","1,103.73","1,077.48","1,103.73","1,077.48","207.94K","2.60%"
"16/01/2023","1,075.71","1,072.44","1,076.97","1,066.78","126.80K","0.55%"
"13/01/2023","1,069.86","1,071.91","1,077.45","1,063.68","149.05K","0.34%"
"12/01/2023","1,066.24","1,068.47","1,072.81","1,059.52","113.84K","0.10%"
"11/01/2023","1,065.22","1,065.69","1,076.22","1,063.96","161.51K","0.44%"
"10/01/2023","1,060.53","1,062.22","1,066.08","1,052.09","126.76K","-0.06%"
"09/01/2023","1,061.14","1,065.24","1,068.77","1,056.64","126.31K","0.35%"
"06/01/2023","1,057.40","1,060.14","1,075.33","1,053.29","192.69K","-0.42%"
"05/01/2023","1,061.90","1,052.32","1,065.99","1,051.60","164.27K","1.12%"
"04/01/2023","1,050.15","1,051.66","1,059.01","1,046.61","172.22K","0.28%"
"03/01/2023","1,047.25","1,010.52","1,047.25","1,010.03","159.60K","4.18%"
"30/12/2022","1,005.19","1,016.71","1,017.45","1,005.19","95.62K","-0.31%"
"29/12/2022","1,008.30","1,013.95","1,022.15","1,008.30","121.03K","-0.56%"
"28/12/2022","1,013.95","1,009.19","1,023.24","997.12","123.26K","0.65%"
"27/12/2022","1,007.36","988.87","1,015.01","985.67","153.66K","1.98%"
"26/12/2022","987.77","1,032.42","1,033.17","987.77","175.23K","-4.48%"
"23/12/2022","1,034.13","1,037.91","1,041.37","1,022.51","129.85K","-0.41%"
"22/12/2022","1,038.34","1,033.72","1,048.84","1,031.29","188.50K","0.51%"
"21/12/2022","1,033.10","1,041.05","1,041.65","1,011.90","212.81K","0.32%"
"20/12/2022","1,029.79","1,048.17","1,049.39","1,015.66","283.48K","-1.95%"
"19/12/2022","1,050.22","1,063.72","1,081.55","1,050.22","258.39K","-1.30%"
"16/12/2022","1,064.07","1,061.58","1,077.27","1,058.88","249.61K","-0.38%"
"15/12/2022","1,068.08","1,055.80","1,076.03","1,055.49","248.62K","1.13%"
"14/12/2022","1,056.17","1,056.76","1,071.02","1,052.25","192.53K","-0.02%"
"13/12/2022","1,056.43","1,038.63","1,056.43","1,028.37","241.92K","1.83%"
"12/12/2022","1,037.42","1,071.27","1,073.44","1,037.42","219.92K","-2.60%"
"09/12/2022","1,065.08","1,069.38","1,076.67","1,051.62","236.86K","0.22%"
"08/12/2022","1,062.73","1,061.99","1,093.64","1,055.63","304.56K","1.45%"
"07/12/2022","1,047.58","1,051.55","1,064.73","1,037.15","242.09K","-0.61%"
"06/12/2022","1,054.06","1,109.50","1,109.50","1,054.06","405.65K","-5.12%"
"05/12/2022","1,110.94","1,094.39","1,120.56","1,094.39","375.07K","1.64%"
"02/12/2022","1,092.99","1,038.11","1,092.99","1,037.08","331.17K","4.83%"
"01/12/2022","1,042.64","1,059.80","1,073.32","1,040.95","434.44K","-0.63%"
"30/11/2022","1,049.21","1,034.78","1,049.21","1,018.59","264.70K","1.96%"
"29/11/2022","1,029.04","1,007.58","1,029.04","995.12","366.39K","2.46%"
"28/11/2022","1,004.34","974.42","1,006.06","974.23","398.08K","3.81%"
"25/11/2022","967.49","948.66","967.49","947.56","170.89K","2.84%"
"24/11/2022","940.76","932.69","941.69","925.55","136.32K","0.22%"
"23/11/2022","938.73","939.08","951.86","933.26","154.60K","-0.72%"
"22/11/2022","945.54","956.31","985.18","941.85","368.68K","-1.19%"
"21/11/2022","956.89","970.64","972.15","951.62","132.09K","-1.47%"
"18/11/2022","971.20","967.82","977.19","941.18","264.09K","0.02%"
"17/11/2022","971.04","941.77","975.42","941.77","184.69K","3.27%"
"16/11/2022","940.29","878.24","942.56","863.31","249.95K","3.93%"
"15/11/2022","904.77","923.20","927.37","893.49","218.10K","-3.37%"
"14/11/2022","936.31","945.97","945.97","913.50","211.97K","-1.32%"
"11/11/2022","948.86","946.68","963.55","941.84","213.49K","1.29%"
"10/11/2022","936.80","969.79","969.79","925.02","252.59K","-4.38%"
"09/11/2022","979.68","980.92","993.28","969.19","166.48K","-0.04%"
"08/11/2022","980.09","957.88","981.51","950.81","185.77K","0.74%"
"07/11/2022","972.85","992.40","999.43","968.84","179.10K","-2.51%"
"04/11/2022","997.92","1,006.52","1,009.00","971.72","256.47K","-2.53%"
"03/11/2022","1,023.80","1,012.90","1,029.53","1,010.57","120.45K","-0.13%"
"02/11/2022","1,025.18","1,037.47","1,039.42","1,020.48","167.91K","-1.24%"
"01/11/2022","1,038.09","1,028.23","1,049.77","1,028.23","243.89K","1.10%"
"31/10/2022","1,026.84","1,027.57","1,031.66","999.47","188.84K","-0.26%"
"28/10/2022","1,029.49","1,036.94","1,046.04","1,024.74","147.69K","0.10%"
"27/10/2022","1,028.50","992.95","1,028.50","986.54","159.81K","3.85%"
"26/10/2022","990.41","995.73","999.59","979.40","77.22K","-0.11%"
"25/10/2022","991.52","971.29","1,006.69","950.19","183.29K","1.81%"
"24/10/2022","973.88","1,011.54","1,013.24","961.79","170.99K","-3.63%"
"21/10/2022","1,010.57","1,055.34","1,055.34","1,002.09","193.76K","-4.05%"
"20/10/2022","1,053.26","1,049.96","1,060.79","1,041.08","113.71K","-0.04%"
"19/10/2022","1,053.65","1,061.12","1,062.27","1,044.69","102.62K","-0.51%"
"18/10/2022","1,059.06","1,061.06","1,068.90","1,051.85","120.84K","1.13%"
"17/10/2022","1,047.20","1,051.23","1,051.42","1,028.34","117.60K","-1.34%"
"14/10/2022","1,061.39","1,068.63","1,070.30","1,054.82","148.45K","0.97%"
"13/10/2022","1,051.24","1,034.20","1,051.24","1,020.97","127.13K","1.58%"
"12/10/2022","1,034.93","1,004.53","1,039.33","999.00","150.97K","3.32%"
"11/10/2022","1,001.68","1,031.12","1,031.12","987.27","200.93K","-3.59%"
"10/10/2022","1,038.93","1,025.48","1,052.24","1,011.44","178.31K","-0.06%"
"07/10/2022","1,039.54","1,064.72","1,067.03","1,027.64","261.71K","-3.87%"
"06/10/2022","1,081.36","1,117.70","1,119.76","1,079.75","141.26K","-3.22%"
"05/10/2022","1,117.38","1,114.60","1,128.94","1,112.26","114.40K","1.79%"
"04/10/2022","1,097.72","1,113.80","1,117.87","1,088.41","147.87K","-0.39%"
"03/10/2022","1,102.00","1,141.87","1,144.95","1,094.49","159.89K","-4.34%"
"30/09/2022","1,152.01","1,140.18","1,158.20","1,128.57","154.78K","0.40%"
"29/09/2022","1,147.44","1,166.59","1,177.21","1,147.44","88.05K","-1.14%"
"28/09/2022","1,160.66","1,173.82","1,177.58","1,160.66","92.27K","-1.84%"
"27/09/2022","1,182.46","1,190.46","1,193.79","1,181.43","85.34K","-0.40%"
"26/09/2022","1,187.22","1,199.39","1,201.89","1,172.37","175.24K","-2.32%"
"23/09/2022","1,215.41","1,227.34","1,230.72","1,213.74","88.49K","-1.10%"
"22/09/2022","1,228.94","1,217.63","1,229.26","1,210.65","98.66K","0.06%"
"21/09/2022","1,228.20","1,235.84","1,236.05","1,223.02","76.49K","-1.04%"
"20/09/2022","1,241.07","1,235.93","1,241.07","1,224.96","94.43K","0.91%"
"19/09/2022","1,229.88","1,251.43","1,253.45","1,225.18","152.50K","-1.83%"
"16/09/2022","1,252.78","1,259.90","1,263.97","1,248.13","155.33K","-0.80%"
"15/09/2022","1,262.82","1,267.24","1,269.54","1,260.51","101.06K","0.15%"
"14/09/2022","1,260.88","1,254.44","1,262.80","1,250.98","142.29K","-0.91%"
"13/09/2022","1,272.48","1,277.48","1,279.55","1,271.22","94.07K","-0.24%"
"12/09/2022","1,275.60","1,281.62","1,285.17","1,275.45","100.04K","0.00%"
"09/09/2022","1,275.64","1,273.37","1,275.64","1,259.35","161.75K","0.80%"
"08/09/2022","1,265.57","1,277.63","1,279.34","1,265.57","124.24K","-0.27%"
"07/09/2022","1,268.95","1,297.31","1,298.17","1,268.95","187.24K","-2.32%"
"06/09/2022","1,299.06","1,298.74","1,305.90","1,296.58","121.91K","0.07%"
"05/09/2022","1,298.15","1,300.50","1,305.62","1,294.44","110.01K","-0.25%"
"31/08/2022","1,301.44","1,295.71","1,306.45","1,294.34","103.56K","0.25%"
"30/08/2022","1,298.14","1,293.41","1,307.12","1,293.41","112.86K","0.38%"
"29/08/2022","1,293.25","1,296.03","1,296.03","1,275.40","174.33K","-1.04%"
"26/08/2022","1,306.81","1,314.73","1,320.16","1,304.68","152.92K","-0.36%"
"25/08/2022","1,311.55","1,299.26","1,311.55","1,299.26","127.47K","1.17%"
"24/08/2022","1,296.41","1,295.07","1,300.40","1,291.96","113.65K","0.34%"
"23/08/2022","1,292.00","1,276.09","1,292.00","1,275.57","130.49K","0.51%"
"22/08/2022","1,285.45","1,294.78","1,295.69","1,281.96","128.87K","-0.73%"
"19/08/2022","1,294.93","1,297.97","1,303.73","1,289.57","154.23K","-0.38%"
"18/08/2022","1,299.93","1,299.09","1,311.73","1,295.54","162.05K","-0.04%"
"17/08/2022","1,300.40","1,297.25","1,304.49","1,296.58","146.61K","0.41%"
"16/08/2022","1,295.10","1,293.72","1,297.38","1,290.52","155.26K","0.10%"
"15/08/2022","1,293.79","1,287.13","1,294.11","1,285.02","149.05K","1.00%"
"12/08/2022","1,280.96","1,271.39","1,280.96","1,267.14","113.93K","0.68%"
"11/08/2022","1,272.33","1,282.09","1,289.29","1,267.04","175.28K","-0.38%"
"10/08/2022","1,277.15","1,279.58","1,283.06","1,276.07","117.05K","-0.33%"
"09/08/2022","1,281.44","1,281.38","1,285.52","1,275.12","161.80K","0.37%"
"08/08/2022","1,276.70","1,270.27","1,280.13","1,270.13","141.95K","0.36%"
"05/08/2022","1,272.06","1,274.48","1,276.19","1,265.93","172.67K","-0.44%"
"04/08/2022","1,277.73","1,273.71","1,281.46","1,270.66","164.09K","0.62%"
"03/08/2022","1,269.83","1,259.26","1,271.39","1,256.39","184.35K","0.30%"
"02/08/2022","1,265.97","1,256.32","1,266.14","1,248.97","172.18K","0.77%"
"01/08/2022","1,256.25","1,233.85","1,256.25","1,233.64","175.84K","1.97%"
"29/07/2022","1,232.00","1,243.17","1,243.17","1,232.00","142.29K","-0.33%"
"28/07/2022","1,236.14","1,228.73","1,240.65","1,226.95","180.06K","1.37%"
"27/07/2022","1,219.43","1,218.13","1,219.43","1,211.42","95.58K","0.08%"
"26/07/2022","1,218.49","1,221.43","1,227.10","1,218.11","93.44K","-0.34%"
"25/07/2022","1,222.60","1,228.11","1,231.84","1,219.61","94.34K","-0.51%"
"22/07/2022","1,228.84","1,238.46","1,241.65","1,228.84","106.14K","-0.52%"
"21/07/2022","1,235.25","1,227.31","1,240.91","1,226.88","127.72K","0.79%"
"20/07/2022","1,225.62","1,220.25","1,229.62","1,217.45","123.38K","1.15%"
"19/07/2022","1,211.70","1,213.55","1,213.64","1,204.61","100.59K","-0.21%"
"18/07/2022","1,214.28","1,225.40","1,225.69","1,213.28","104.04K","-0.48%"
"15/07/2022","1,220.14","1,224.15","1,228.48","1,217.21","147.67K","-0.15%"
"14/07/2022","1,221.94","1,213.73","1,224.01","1,211.14","106.76K","0.41%"
"13/07/2022","1,216.94","1,216.83","1,225.85","1,213.41","117.18K","-0.21%"
"12/07/2022","1,219.44","1,208.06","1,219.44","1,204.84","88.68K","0.86%"
"11/07/2022","1,209.02","1,224.20","1,224.20","1,200.15","131.00K","-1.83%"
"08/07/2022","1,231.54","1,235.65","1,236.85","1,225.04","115.99K","0.19%"
"07/07/2022","1,229.23","1,212.36","1,229.23","1,209.97","98.64K","1.43%"
"06/07/2022","1,211.94","1,241.19","1,241.19","1,211.94","131.18K","-2.42%"
"05/07/2022","1,242.05","1,252.48","1,256.47","1,239.80","162.03K","-0.51%"
"04/07/2022","1,248.37","1,256.20","1,260.72","1,244.50","112.84K","-0.31%"
"01/07/2022","1,252.24","1,247.70","1,255.67","1,225.64","118.89K","0.27%"
"30/06/2022","1,248.92","1,273.99","1,276.23","1,248.92","118.01K","-1.92%"
"29/06/2022","1,273.40","1,259.83","1,274.73","1,259.41","113.30K","0.00%"
"28/06/2022","1,273.41","1,254.35","1,276.21","1,249.57","151.57K","1.33%"
"27/06/2022","1,256.67","1,238.23","1,256.67","1,237.79","110.60K","1.72%"
"24/06/2022","1,235.47","1,239.54","1,246.22","1,234.72","90.44K","-0.41%"
"23/06/2022","1,240.58","1,227.18","1,240.58","1,219.08","105.24K","1.09%"
"22/06/2022","1,227.18","1,233.28","1,242.06","1,222.86","142.70K","0.22%"
"21/06/2022","1,224.54","1,220.76","1,240.80","1,212.69","172.80K","-0.08%"
"20/06/2022","1,225.56","1,258.30","1,262.83","1,223.03","168.77K","-2.58%"
"17/06/2022","1,258.03","1,254.05","1,259.39","1,229.74","187.30K","-1.74%"
"16/06/2022","1,280.37","1,266.87","1,292.02","1,263.56","156.46K","2.18%"
"15/06/2022","1,253.09","1,263.96","1,268.33","1,231.12","167.43K","-0.64%"
"14/06/2022","1,261.16","1,247.39","1,271.28","1,245.26","145.64K","0.02%"
"13/06/2022","1,260.85","1,295.26","1,300.45","1,260.85","199.02K","-4.89%"
"10/06/2022","1,325.69","1,332.93","1,344.85","1,325.69","136.59K","-1.28%"
"09/06/2022","1,342.92","1,344.56","1,346.13","1,335.28","126.60K","0.07%"
"08/06/2022","1,342.03","1,328.95","1,348.40","1,325.65","163.07K","1.33%"
"07/06/2022","1,324.37","1,323.19","1,324.37","1,297.98","153.98K","-0.20%"
"06/06/2022","1,327.04","1,328.73","1,336.96","1,320.97","132.83K","-0.03%"
"03/06/2022","1,327.40","1,325.49","1,329.90","1,313.40","100.18K","0.14%"
"02/06/2022","1,325.49","1,339.12","1,342.47","1,319.85","133.90K","-0.75%"
"01/06/2022","1,335.49","1,329.02","1,341.47","1,323.07","127.58K","0.22%"
"31/05/2022","1,332.59","1,342.08","1,342.08","1,324.46","127.92K","-0.77%"
"30/05/2022","1,342.87","1,337.39","1,342.87","1,329.38","121.53K","0.54%"
"27/05/2022","1,335.68","1,311.78","1,336.99","1,310.64","139.41K","2.00%"
"26/05/2022","1,309.50","1,312.56","1,319.21","1,304.59","127.93K","-0.09%"
"25/05/2022","1,310.70","1,277.54","1,311.32","1,273.29","172.70K","2.98%"
"24/05/2022","1,272.71","1,255.77","1,272.71","1,242.36","146.37K","1.38%"
"23/05/2022","1,255.35","1,287.49","1,287.65","1,245.41","139.33K","-2.12%"
"20/05/2022","1,282.51","1,284.89","1,296.00","1,273.40","110.10K","-0.08%"
"19/05/2022","1,283.55","1,259.59","1,291.49","1,255.63","130.08K","-0.22%"
"18/05/2022","1,286.41","1,289.50","1,298.69","1,268.13","159.94K","0.54%"
"17/05/2022","1,279.55","1,211.88","1,279.55","1,203.51","161.82K","5.31%"
"16/05/2022","1,215.08","1,254.88","1,258.25","1,214.29","172.77K","-0.71%"
"13/05/2022","1,223.76","1,281.28","1,284.94","1,219.52","237.56K","-4.38%"
"12/05/2022","1,279.76","1,337.01","1,339.25","1,279.48","163.22K","-5.19%"
"11/05/2022","1,349.82","1,344.14","1,355.11","1,324.20","94.77K","0.32%"
"10/05/2022","1,345.46","1,312.10","1,345.46","1,285.67","157.23K","2.39%"
"09/05/2022","1,314.04","1,358.56","1,360.64","1,308.34","200.88K","-4.31%"
"06/05/2022","1,373.21","1,399.54","1,399.54","1,371.00","129.91K","-2.25%"
"05/05/2022","1,404.88","1,402.60","1,405.43","1,373.42","122.13K","1.10%"
"04/05/2022","1,389.59","1,415.43","1,415.45","1,389.59","114.19K","-1.96%"
"29/04/2022","1,417.31","1,400.88","1,417.31","1,394.17","128.04K","1.17%"
"28/04/2022","1,400.88","1,400.60","1,407.82","1,392.24","91.68K","-0.08%"
"27/04/2022","1,402.03","1,394.85","1,407.70","1,362.87","108.12K","0.37%"
"26/04/2022","1,396.90","1,347.83","1,397.43","1,318.50","181.78K","2.23%"
"25/04/2022","1,366.39","1,444.79","1,445.62","1,356.36","202.43K","-5.40%"
"22/04/2022","1,444.32","1,439.32","1,455.15","1,419.05","150.76K","1.22%"
"21/04/2022","1,426.87","1,434.77","1,452.41","1,422.70","172.36K","-0.60%"
"20/04/2022","1,435.50","1,440.90","1,453.81","1,434.87","150.22K","-0.35%"
"19/04/2022","1,440.61","1,471.63","1,478.50","1,440.61","156.62K","-1.88%"
"18/04/2022","1,468.25","1,493.17","1,493.24","1,466.73","194.44K","-1.71%"
"15/04/2022","1,493.74","1,514.89","1,518.85","1,491.26","181.77K","-1.60%"
"14/04/2022","1,518.01","1,526.49","1,534.28","1,517.07","119.61K","-0.48%"
"13/04/2022","1,525.39","1,512.37","1,526.44","1,506.45","143.87K","1.21%"
"12/04/2022","1,507.20","1,530.30","1,532.03","1,506.41","152.48K","-1.12%"
"08/04/2022","1,524.31","1,541.78","1,547.60","1,524.31","156.34K","-1.14%"
"07/04/2022","1,541.96","1,561.14","1,566.09","1,541.96","198.97K","-0.97%"
"06/04/2022","1,557.11","1,534.23","1,558.41","1,529.23","203.57K","1.16%"
"05/04/2022","1,539.20","1,544.34","1,549.77","1,539.20","125.17K","-0.57%"
"04/04/2022","1,548.04","1,558.21","1,558.98","1,546.46","160.18K","0.36%"
"01/04/2022","1,542.47","1,509.01","1,542.47","1,506.11","195.61K","2.25%"
"31/03/2022","1,508.53","1,502.38","1,512.47","1,500.67","121.69K","0.55%"
"30/03/2022","1,500.23","1,497.98","1,513.91","1,496.59","163.90K","-0.02%"
"29/03/2022","1,500.57","1,484.95","1,501.05","1,484.95","110.33K","1.11%"
"28/03/2022","1,484.16","1,493.12","1,497.06","1,477.72","177.24K","-0.95%"
"25/03/2022","1,498.36","1,499.34","1,503.18","1,494.28","109.44K","0.06%"
"24/03/2022","1,497.44","1,506.49","1,506.79","1,496.96","115.64K","-0.54%"
"23/03/2022","1,505.59","1,514.61","1,519.58","1,505.59","132.33K","-0.52%"
"22/03/2022","1,513.40","1,507.38","1,516.70","1,506.10","155.23K","0.71%"
"21/03/2022","1,502.67","1,480.29","1,502.67","1,480.29","124.70K","1.74%"
"18/03/2022","1,476.94","1,474.02","1,482.96","1,474.02","148.42K","0.48%"
"17/03/2022","1,469.92","1,480.32","1,480.86","1,469.92","109.38K","-0.19%"
"16/03/2022","1,472.69","1,475.17","1,478.42","1,467.95","106.84K","0.26%"
"15/03/2022","1,468.89","1,461.40","1,469.52","1,455.16","136.42K","0.53%"
"14/03/2022","1,461.10","1,471.44","1,473.98","1,454.34","177.21K","-1.09%"
"11/03/2022","1,477.14","1,487.92","1,490.83","1,469.22","178.19K","-0.88%"
"10/03/2022","1,490.24","1,491.90","1,505.50","1,490.24","148.75K","0.07%"
"09/03/2022","1,489.25","1,493.96","1,497.75","1,485.15","190.16K","-0.06%"
"08/03/2022","1,490.17","1,500.07","1,506.65","1,486.68","222.31K","-1.26%"
"07/03/2022","1,509.12","1,514.76","1,518.32","1,505.79","222.54K","-1.06%"
"04/03/2022","1,525.34","1,525.23","1,529.93","1,519.97","220.07K","0.19%"
"03/03/2022","1,522.49","1,507.53","1,522.49","1,502.41","244.08K","1.59%"
"02/03/2022","1,498.61","1,516.31","1,517.49","1,495.16","291.45K","-1.42%"
"01/03/2022","1,520.12","1,521.44","1,525.00","1,515.49","187.03K","0.19%"
"28/02/2022","1,517.18","1,525.58","1,533.32","1,512.45","193.57K","-0.61%"
"25/02/2022","1,526.50","1,531.97","1,540.13","1,526.50","198.11K","0.29%"
"24/02/2022","1,522.04","1,537.50","1,540.13","1,503.22","275.31K","-1.09%"
"23/02/2022","1,538.83","1,536.60","1,547.19","1,534.19","158.14K","0.42%"
"22/02/2022","1,532.36","1,532.07","1,532.36","1,510.07","223.63K","-0.07%"
"21/02/2022","1,533.40","1,530.65","1,537.56","1,522.48","163.18K","0.13%"
"18/02/2022","1,531.47","1,525.21","1,533.53","1,523.88","155.11K","-0.59%"
"17/02/2022","1,540.51","1,521.37","1,540.51","1,521.37","146.57K","1.25%"
"16/02/2022","1,521.47","1,534.39","1,534.50","1,517.52","122.06K","-0.39%"
"15/02/2022","1,527.36","1,508.25","1,530.04","1,506.69","180.95K","1.48%"
"14/02/2022","1,505.07","1,530.50","1,536.77","1,505.07","254.06K","-2.64%"
"11/02/2022","1,545.92","1,544.76","1,549.37","1,540.50","167.68K","-0.20%"
"10/02/2022","1,548.95","1,554.98","1,557.89","1,536.02","225.00K","-0.22%"
"09/02/2022","1,552.44","1,554.59","1,570.32","1,552.44","230.55K","0.13%"
"08/02/2022","1,550.46","1,539.49","1,555.01","1,537.16","218.96K","0.60%"
"07/02/2022","1,541.25","1,548.38","1,555.01","1,541.25","182.87K","0.59%"
"28/01/2022","1,532.24","1,516.40","1,535.57","1,515.85","194.57K","1.03%"
"27/01/2022","1,516.57","1,520.82","1,528.81","1,507.26","158.58K","-0.57%"
"26/01/2022","1,525.31","1,519.90","1,533.61","1,516.96","236.86K","0.60%"
"25/01/2022","1,516.16","1,471.56","1,516.16","1,466.07","191.55K","3.05%"
"24/01/2022","1,471.31","1,496.36","1,499.22","1,465.76","243.48K","-2.05%"
"21/01/2022","1,502.16","1,497.61","1,508.65","1,492.21","218.98K","0.63%"
"20/01/2022","1,492.81","1,479.81","1,499.47","1,474.67","163.72K","0.69%"
"19/01/2022","1,482.55","1,479.74","1,491.00","1,475.06","142.26K","0.37%"
"18/01/2022","1,477.06","1,473.04","1,489.13","1,464.41","214.02K","-0.10%"
"17/01/2022","1,478.61","1,523.17","1,529.28","1,478.61","290.14K","-2.95%"
"14/01/2022","1,523.57","1,523.96","1,530.20","1,513.17","135.95K","-0.19%"
"13/01/2022","1,526.43","1,533.38","1,548.49","1,524.66","308.82K","-0.24%"
"12/01/2022","1,530.04","1,498.63","1,530.04","1,484.93","282.09K","2.02%"
"11/01/2022","1,499.74","1,516.74","1,519.84","1,497.78","187.02K","-0.99%"
"10/01/2022","1,514.70","1,531.13","1,537.71","1,514.70","200.03K","-1.14%"
"07/01/2022","1,532.24","1,548.77","1,550.47","1,532.24","200.63K","-0.82%"
"06/01/2022","1,544.95","1,542.34","1,554.97","1,541.19","231.96K","-0.07%"
"05/01/2022","1,546.01","1,559.33","1,562.93","1,546.01","222.22K","-0.82%"
"04/01/2022","1,558.87","1,536.45","1,562.54","1,536.45","207.49K","1.51%"
"31/12/2021","1,535.71","1,523.58","1,537.32","1,523.41","183.41K","1.06%"
"30/12/2021","1,519.62","1,515.75","1,526.20","1,515.75","145.70K","0.24%"
"29/12/2021","1,515.94","1,525.82","1,528.90","1,515.94","154.78K","-0.50%"
"28/12/2021","1,523.54","1,518.56","1,523.54","1,509.58","189.42K","0.59%"
"27/12/2021","1,514.55","1,515.24","1,517.45","1,500.31","134.57K","0.52%"
"24/12/2021","1,506.67","1,484.51","1,507.48","1,481.37","197.96K","1.98%"
"23/12/2021","1,477.37","1,504.61","1,506.43","1,470.94","241.49K","-1.78%"
"22/12/2021","1,504.12","1,514.98","1,519.74","1,498.96","220.18K","-0.49%"
"21/12/2021","1,511.48","1,512.01","1,517.69","1,507.89","175.78K","-0.14%"
"20/12/2021","1,513.60","1,519.69","1,521.62","1,509.54","180.13K","0.00%"
"17/12/2021","1,513.56","1,513.36","1,520.97","1,511.19","220.35K","0.22%"
"16/12/2021","1,510.17","1,526.63","1,526.75","1,501.41","187.58K","-0.61%"
"15/12/2021","1,519.42","1,516.91","1,525.14","1,512.05","150.69K","0.20%"
"14/12/2021","1,516.44","1,518.39","1,529.93","1,513.14","170.67K","-0.29%"
"13/12/2021","1,520.80","1,523.74","1,526.53","1,517.98","166.21K","0.09%"
"10/12/2021","1,519.46","1,528.17","1,533.23","1,517.59","172.57K","-0.66%"
"09/12/2021","1,529.61","1,509.40","1,529.61","1,509.40","141.32K","0.89%"
"08/12/2021","1,516.16","1,515.59","1,523.95","1,508.69","176.05K","0.23%"
"07/12/2021","1,512.62","1,493.07","1,512.62","1,488.13","167.56K","2.14%"
"06/12/2021","1,480.92","1,507.45","1,515.47","1,464.91","264.31K","-1.53%"
"03/12/2021","1,503.98","1,550.81","1,551.97","1,503.98","237.84K","-2.39%"
"02/12/2021","1,540.88","1,553.21","1,555.49","1,540.88","155.69K","-0.58%"
"01/12/2021","1,549.81","1,536.67","1,549.81","1,531.20","183.02K","0.79%"
"30/11/2021","1,537.59","1,567.44","1,568.09","1,531.82","254.25K","-0.99%"
"29/11/2021","1,553.04","1,541.22","1,558.86","1,541.22","270.84K","-0.86%"
"26/11/2021","1,566.55","1,576.52","1,587.00","1,564.39","286.51K","-0.38%"
"25/11/2021","1,572.46","1,573.29","1,579.56","1,567.67","255.69K","0.46%"
"24/11/2021","1,565.29","1,534.87","1,567.77","1,530.61","371.79K","2.10%"
"23/11/2021","1,533.12","1,518.39","1,533.12","1,513.23","173.03K","1.06%"
"22/11/2021","1,517.04","1,503.19","1,530.43","1,502.25","274.79K","1.13%"
"19/11/2021","1,500.05","1,507.45","1,521.63","1,486.59","322.63K","-0.22%"
"18/11/2021","1,503.42","1,522.39","1,523.19","1,503.42","256.83K","-1.06%"
"17/11/2021","1,519.58","1,517.67","1,522.50","1,513.65","165.54K","0.16%"
"16/11/2021","1,517.22","1,527.11","1,530.32","1,513.50","214.95K","-0.75%"
"15/11/2021","1,528.68","1,534.16","1,534.44","1,521.94","232.16K","0.05%"
"12/11/2021","1,527.94","1,514.96","1,529.47","1,504.52","152.56K","0.90%"
"11/11/2021","1,514.36","1,524.73","1,526.72","1,503.77","258.43K","-0.62%"
"10/11/2021","1,523.79","1,530.69","1,531.70","1,518.89","204.46K","-0.22%"
"09/11/2021","1,527.13","1,539.25","1,542.75","1,524.36","210.51K","-0.56%"
"08/11/2021","1,535.66","1,535.12","1,541.83","1,528.71","219.02K","0.25%"
"05/11/2021","1,531.76","1,531.06","1,536.47","1,523.16","156.55K","0.23%"
"04/11/2021","1,528.21","1,531.92","1,535.90","1,524.54","173.10K","-0.16%"
"03/11/2021","1,530.65","1,526.38","1,537.59","1,519.39","324.56K","0.61%"
"02/11/2021","1,521.35","1,514.91","1,522.90","1,514.75","186.41K","0.30%"
"01/11/2021","1,516.75","1,534.17","1,534.88","1,513.98","252.42K","-1.02%"
"29/10/2021","1,532.35","1,529.42","1,534.51","1,521.04","197.58K","0.20%"
"28/10/2021","1,529.26","1,522.11","1,530.77","1,513.12","190.78K","0.84%"
"27/10/2021","1,516.46","1,487.45","1,516.46","1,485.12","201.35K","2.28%"
"26/10/2021","1,482.62","1,474.36","1,483.65","1,467.02","143.69K","0.38%"
"25/10/2021","1,476.97","1,492.35","1,492.35","1,476.97","202.65K","-0.79%"
"22/10/2021","1,488.71","1,495.32","1,498.25","1,486.57","127.28K","-0.04%"
"21/10/2021","1,489.26","1,509.05","1,510.20","1,489.26","166.37K","-1.05%"
"20/10/2021","1,505.03","1,510.38","1,516.74","1,486.26","182.02K","-0.14%"
"19/10/2021","1,507.19","1,512.10","1,513.83","1,503.89","142.51K","-0.22%"
"18/10/2021","1,510.49","1,508.88","1,517.70","1,505.39","167.73K","0.38%"
"15/10/2021","1,504.84","1,508.37","1,512.61","1,499.70","151.73K","0.10%"
"14/10/2021","1,503.38","1,504.85","1,511.14","1,498.21","159.95K","-0.14%"
"13/10/2021","1,505.55","1,512.73","1,519.11","1,502.19","137.28K","-0.27%"
"12/10/2021","1,509.57","1,514.78","1,517.21","1,504.24","162.66K","-0.05%"
"11/10/2021","1,510.27","1,481.29","1,511.21","1,480.31","211.04K","2.28%"
"08/10/2021","1,476.54","1,466.78","1,476.54","1,463.07","137.77K","0.94%"
"07/10/2021","1,462.74","1,467.95","1,470.64","1,460.87","142.85K","0.07%"
"06/10/2021","1,461.72","1,461.98","1,461.98","1,453.78","157.61K","0.38%"
"05/10/2021","1,456.21","1,446.77","1,456.37","1,444.49","152.94K","0.87%"
"04/10/2021","1,443.61","1,442.87","1,446.78","1,433.05","220.20K","0.12%"
"01/10/2021","1,441.83","1,450.90","1,453.24","1,438.52","188.81K","-0.82%"
"30/09/2021","1,453.76","1,450.52","1,461.94","1,452.55","118.79K","0.22%"
"29/09/2021","1,450.52","1,450.73","1,453.66","1,440.55","169.81K","-0.04%"
"28/09/2021","1,451.12","1,433.70","1,454.79","1,430.89","141.16K","0.83%"
"27/09/2021","1,439.20","1,462.86","1,464.50","1,439.20","148.69K","-1.42%"
"24/09/2021","1,459.94","1,460.63","1,464.12","1,456.89","141.12K","0.12%"
"23/09/2021","1,458.23","1,456.46","1,466.00","1,453.02","138.29K","0.34%"
"22/09/2021","1,453.22","1,449.44","1,454.19","1,440.02","122.88K","0.48%"
"21/09/2021","1,446.22","1,444.75","1,455.71","1,433.77","167.22K","-0.85%"
"20/09/2021","1,458.66","1,468.11","1,474.66","1,454.95","180.84K","0.21%"
"17/09/2021","1,455.59","1,452.31","1,459.94","1,451.38","188.92K","0.46%"
"16/09/2021","1,448.98","1,452.89","1,454.23","1,442.77","134.63K","0.29%"
"15/09/2021","1,444.85","1,433.17","1,447.64","1,432.76","130.11K","0.47%"
"14/09/2021","1,438.16","1,444.24","1,448.71","1,436.98","148.17K","-0.47%"
"13/09/2021","1,444.99","1,450.00","1,454.72","1,444.71","162.87K","-0.23%"
"10/09/2021","1,448.33","1,451.78","1,453.81","1,447.44","139.15K","0.07%"
"09/09/2021","1,447.28","1,432.84","1,449.16","1,431.55","166.19K","0.95%"
"08/09/2021","1,433.71","1,447.43","1,448.44","1,431.38","152.21K","-0.72%"
"07/09/2021","1,444.10","1,446.00","1,454.82","1,441.69","205.27K","0.18%"
"06/09/2021","1,441.54","1,433.03","1,441.92","1,429.55","208.74K","1.02%"
"01/09/2021","1,426.94","1,425.35","1,434.73","1,423.08","176.64K","-0.12%"
"31/08/2021","1,428.66","1,435.52","1,437.38","1,425.71","152.48K","-0.17%"
"30/08/2021","1,431.05","1,427.48","1,434.25","1,420.77","154.14K","0.88%"
"27/08/2021","1,418.57","1,403.99","1,418.57","1,391.88","202.51K","0.43%"
"26/08/2021","1,412.45","1,432.37","1,433.67","1,408.08","152.19K","-1.12%"
"25/08/2021","1,428.51","1,420.74","1,430.58","1,411.07","153.26K","0.72%"
"24/08/2021","1,418.26","1,415.71","1,423.46","1,406.94","203.69K","0.44%"
"23/08/2021","1,412.00","1,443.67","1,446.73","1,412.00","250.64K","-2.65%"
"20/08/2021","1,450.45","1,495.67","1,497.03","1,436.24","348.77K","-3.63%"
"19/08/2021","1,505.01","1,489.74","1,505.01","1,479.60","206.50K","1.04%"
"18/08/2021","1,489.54","1,493.12","1,500.17","1,484.26","192.68K","-0.31%"
"17/08/2021","1,494.12","1,508.41","1,512.27","1,488.74","217.18K","-0.44%"
"16/08/2021","1,500.77","1,490.70","1,504.03","1,487.52","258.60K","1.11%"
"13/08/2021","1,484.25","1,477.72","1,484.67","1,463.48","207.22K","0.49%"
"12/08/2021","1,477.06","1,487.10","1,493.69","1,477.06","184.22K","-0.73%"
"11/08/2021","1,487.91","1,497.13","1,506.80","1,487.91","245.34K","-0.43%"
"10/08/2021","1,494.41","1,506.50","1,508.92","1,490.00","185.39K","-0.23%"
"09/08/2021","1,497.83","1,472.78","1,499.90","1,467.32","206.12K","1.42%"
"06/08/2021","1,476.79","1,488.11","1,491.52","1,476.79","211.70K","-0.65%"
"05/08/2021","1,486.46","1,469.13","1,488.79","1,465.10","193.62K","0.97%"
"04/08/2021","1,472.20","1,476.82","1,480.28","1,465.66","218.55K","0.16%"
"03/08/2021","1,469.87","1,449.97","1,469.87","1,449.33","225.71K","1.50%"
"02/08/2021","1,448.21","1,443.60","1,457.89","1,438.35","198.50K","0.07%"
"30/07/2021","1,447.23","1,430.48","1,451.45","1,428.85","224.34K","1.38%"
"29/07/2021","1,427.55","1,419.55","1,427.55","1,413.59","166.49K","1.42%"
"28/07/2021","1,407.50","1,406.25","1,415.39","1,402.60","120.70K","-0.17%"
"27/07/2021","1,409.85","1,415.50","1,423.30","1,408.80","190.31K","0.42%"
"26/07/2021","1,403.96","1,397.01","1,409.94","1,384.87","152.85K","0.17%"
"23/07/2021","1,401.53","1,422.07","1,430.43","1,401.53","235.47K","-1.89%"
"22/07/2021","1,428.48","1,404.49","1,432.43","1,400.20","162.70K","1.56%"
"21/07/2021","1,406.54","1,415.71","1,422.80","1,402.42","149.34K","-0.32%"
"20/07/2021","1,411.02","1,379.41","1,411.02","1,357.31","221.51K","2.68%"
"19/07/2021","1,374.15","1,403.96","1,413.24","1,367.61","268.71K","-4.44%"
"16/07/2021","1,438.05","1,439.96","1,446.36","1,433.16","152.45K","0.54%"
"15/07/2021","1,430.29","1,410.30","1,441.57","1,402.36","189.78K","1.42%"
"14/07/2021","1,410.30","1,440.87","1,446.13","1,395.16","215.23K","-2.12%"
"13/07/2021","1,440.87","1,443.10","1,457.05","1,419.09","174.50K","-0.15%"
"12/07/2021","1,443.10","1,494.43","1,495.92","1,406.14","412.55K","-3.43%"
"09/07/2021","1,494.43","1,521.21","1,526.35","1,480.60","287.67K","-1.76%"
"08/07/2021","1,521.21","1,538.77","1,538.77","1,509.90","218.88K","-1.14%"
"07/07/2021","1,538.77","1,488.42","1,538.77","1,472.81","306.58K","3.38%"
"06/07/2021","1,488.42","1,557.41","1,565.29","1,488.42","298.84K","-4.43%"
"05/07/2021","1,557.41","1,554.59","1,560.44","1,533.18","309.40K","0.18%"
"02/07/2021","1,554.59","1,546.54","1,558.45","1,546.54","242.78K","0.61%"
"01/07/2021","1,545.14","1,529.09","1,545.14","1,525.24","253.52K","1.06%"
"30/06/2021","1,529.00","1,529.97","1,540.90","1,528.10","192.68K","-0.06%"
"29/06/2021","1,529.97","1,521.51","1,536.96","1,521.51","203.55K","0.56%"
"28/06/2021","1,521.41","1,502.02","1,523.58","1,502.02","215.31K","1.41%"
"25/06/2021","1,500.30","1,486.99","1,500.94","1,480.64","180.21K","0.90%"
"24/06/2021","1,486.96","1,489.51","1,497.92","1,482.38","175.26K","-0.17%"
"23/06/2021","1,489.53","1,489.27","1,502.79","1,485.13","197.84K","0.02%"
"22/06/2021","1,489.24","1,481.13","1,498.12","1,481.13","211.64K","0.74%"
"21/06/2021","1,478.29","1,481.15","1,486.12","1,473.11","205.15K","-0.20%"
"18/06/2021","1,481.30","1,461.96","1,484.89","1,461.96","198.66K","1.33%"
"17/06/2021","1,461.91","1,463.98","1,469.44","1,445.39","211.57K","-0.25%"
"16/06/2021","1,465.58","1,486.76","1,487.68","1,462.99","241.63K","-1.44%"
"15/06/2021","1,487.04","1,495.51","1,498.75","1,481.03","239.02K","-0.57%"
"14/06/2021","1,495.51","1,488.88","1,504.32","1,483.82","249.57K","0.53%"
"11/06/2021","1,487.61","1,451.43","1,489.95","1,448.46","264.96K","2.51%"
"10/06/2021","1,451.18","1,457.17","1,464.40","1,443.74","253.44K","-0.45%"
"09/06/2021","1,457.76","1,438.47","1,465.93","1,426.04","279.95K","1.31%"
"08/06/2021","1,438.97","1,481.88","1,493.36","1,436.72","328.47K","-3.04%"
"07/06/2021","1,484.10","1,508.08","1,508.65","1,472.10","309.81K","-1.61%"
"04/06/2021","1,508.35","1,504.18","1,509.38","1,496.36","336.49K","0.26%"
"03/06/2021","1,504.37","1,479.75","1,506.27","1,479.75","318.35K","1.73%"
"02/06/2021","1,478.85","1,482.92","1,488.93","1,469.49","277.18K","-0.27%"
"01/06/2021","1,482.92","1,473.28","1,496.55","1,473.28","255.91K","0.55%"
"31/05/2021","1,474.78","1,459.04","1,475.09","1,449.66","293.02K","1.10%"
"28/05/2021","1,458.78","1,437.74","1,460.68","1,433.55","300.18K","1.49%"
"27/05/2021","1,437.38","1,455.48","1,457.46","1,433.76","264.79K","-1.22%"
"26/05/2021","1,455.11","1,443.93","1,456.55","1,440.60","233.97K","0.77%"
"25/05/2021","1,444.01","1,428.42","1,445.60","1,427.56","209.78K","0.95%"
"24/05/2021","1,430.48","1,425.11","1,433.59","1,421.17","256.21K","0.38%"
"21/05/2021","1,425.04","1,424.77","1,433.01","1,412.78","267.79K","0.01%"
"20/05/2021","1,424.92","1,402.31","1,424.92","1,396.23","270.20K","1.66%"
"19/05/2021","1,401.71","1,378.97","1,402.45","1,378.43","279.67K","1.68%"
"18/05/2021","1,378.59","1,371.75","1,381.36","1,367.85","252.83K","0.53%"
"17/05/2021","1,371.36","1,381.13","1,391.89","1,371.22","254.61K","-0.63%"
"14/05/2021","1,380.02","1,370.14","1,386.09","1,370.14","251.13K","0.72%"
"13/05/2021","1,370.18","1,379.19","1,385.72","1,370.18","271.90K","-0.72%"
"12/05/2021","1,380.17","1,358.59","1,380.23","1,350.80","264.23K","1.54%"
"11/05/2021","1,359.19","1,370.71","1,382.06","1,359.19","262.05K","-0.84%"
"10/05/2021","1,370.66","1,339.75","1,371.51","1,335.39","302.73K","2.23%"
"07/05/2021","1,340.73","1,344.09","1,347.80","1,329.51","291.44K","-0.29%"
"06/05/2021","1,344.64","1,346.93","1,352.57","1,337.28","226.86K","-0.17%"
"05/05/2021","1,346.89","1,328.47","1,360.76","1,328.47","274.66K","1.42%"
"04/05/2021","1,328.03","1,312.08","1,329.18","1,285.90","274.20K","1.20%"
"29/04/2021","1,312.28","1,294.79","1,312.62","1,294.79","242.34K","1.41%"
"28/04/2021","1,294.06","1,283.81","1,296.48","1,280.54","206.90K","0.80%"
"27/04/2021","1,283.81","1,274.32","1,283.95","1,264.57","171.78K","0.69%"
"26/04/2021","1,275.04","1,301.39","1,305.73","1,269.78","216.95K","-2.02%"
"23/04/2021","1,301.39","1,271.52","1,301.39","1,262.89","245.63K","2.35%"
"22/04/2021","1,271.53","1,312.33","1,317.50","1,271.53","232.54K","-3.13%"
"20/04/2021","1,312.68","1,308.03","1,331.56","1,303.68","244.92K","0.49%"
"19/04/2021","1,306.22","1,277.11","1,306.22","1,271.52","210.60K","2.30%"
"16/04/2021","1,276.87","1,283.18","1,291.37","1,262.52","247.67K","-0.57%"
"15/04/2021","1,284.20","1,291.83","1,300.84","1,283.98","236.68K","-0.51%"
"14/04/2021","1,290.77","1,277.31","1,290.77","1,263.89","207.52K","1.05%"
"13/04/2021","1,277.35","1,278.31","1,298.78","1,276.74","255.77K","-0.07%"
"12/04/2021","1,278.19","1,254.39","1,279.52","1,254.39","267.96K","1.99%"
"09/04/2021","1,253.26","1,251.71","1,256.06","1,245.26","173.79K","0.12%"
"08/04/2021","1,251.81","1,257.75","1,263.03","1,249.45","161.34K","-0.47%"
"07/04/2021","1,257.77","1,255.36","1,257.77","1,248.15","213.31K","0.19%"
"06/04/2021","1,255.36","1,248.43","1,260.35","1,245.16","222.98K","0.44%"
"05/04/2021","1,249.90","1,240.24","1,256.12","1,240.24","219.16K","0.96%"
"02/04/2021","1,238.03","1,226.84","1,243.67","1,226.84","199.25K","0.97%"
"01/04/2021","1,226.16","1,196.62","1,227.56","1,196.39","222.24K","2.50%"
"31/03/2021","1,196.24","1,190.86","1,203.18","1,189.47","171.90K","0.45%"
"30/03/2021","1,190.86","1,180.21","1,192.90","1,175.90","217.51K","0.91%"
"29/03/2021","1,180.07","1,167.30","1,182.06","1,167.30","145.67K","1.10%"
"26/03/2021","1,167.19","1,164.38","1,170.75","1,143.08","172.71K","0.22%"
"25/03/2021","1,164.64","1,165.80","1,175.86","1,159.25","165.90K","-0.08%"
"24/03/2021","1,165.61","1,186.04","1,186.04","1,157.69","190.25K","-1.80%"
"23/03/2021","1,186.98","1,198.49","1,198.49","1,182.22","155.69K","-0.96%"
"22/03/2021","1,198.54","1,204.00","1,207.28","1,194.79","161.30K","-0.40%"
"19/03/2021","1,203.36","1,211.08","1,211.08","1,201.17","171.42K","-0.68%"
"18/03/2021","1,211.54","1,193.71","1,211.54","1,193.71","155.17K","1.52%"
"17/03/2021","1,193.45","1,188.31","1,193.45","1,183.83","193.60K","0.47%"
"16/03/2021","1,187.84","1,191.08","1,192.15","1,177.05","163.86K","-0.25%"
"15/03/2021","1,190.86","1,187.84","1,194.29","1,184.32","149.68K","0.26%"
"12/03/2021","1,187.81","1,188.74","1,193.97","1,184.64","147.25K","-0.08%"
"11/03/2021","1,188.71","1,172.94","1,190.47","1,172.94","167.31K","1.40%"
"10/03/2021","1,172.26","1,163.43","1,173.58","1,154.29","156.01K","0.80%"
"09/03/2021","1,163.00","1,169.89","1,169.89","1,150.18","159.98K","-0.60%"
"08/03/2021","1,170.00","1,175.19","1,186.29","1,164.78","164.93K","-0.33%"
"05/03/2021","1,173.83","1,174.36","1,174.80","1,157.45","205.21K","-0.04%"
"04/03/2021","1,174.29","1,195.62","1,200.42","1,164.63","183.13K","-1.78%"
"03/03/2021","1,195.60","1,194.78","1,198.36","1,189.14","154.44K","0.07%"
"02/03/2021","1,194.71","1,192.60","1,203.84","1,188.01","169.42K","0.24%"
"01/03/2021","1,191.83","1,173.72","1,192.85","1,173.72","191.03K","1.55%"
"26/02/2021","1,173.60","1,169.37","1,175.40","1,153.41","178.99K","0.32%"
"25/02/2021","1,169.82","1,168.22","1,175.19","1,158.06","158.38K","0.23%"
"24/02/2021","1,167.18","1,182.76","1,192.04","1,161.13","178.72K","-1.29%"
"23/02/2021","1,182.47","1,180.38","1,191.74","1,174.18","195.05K","0.16%"
"22/02/2021","1,180.55","1,180.48","1,190.48","1,172.71","175.26K","0.00%"
"19/02/2021","1,180.59","1,186.70","1,188.61","1,168.18","166.18K","-0.62%"
"18/02/2021","1,187.94","1,174.80","1,187.94","1,162.48","183.25K","1.11%"
"17/02/2021","1,174.91","1,130.19","1,174.91","1,130.19","174.12K","4.02%"
"09/02/2021","1,129.49","1,092.67","1,129.49","1,089.85","173.19K","3.38%"
"08/02/2021","1,092.59","1,135.50","1,136.38","1,077.40","228.47K","-3.78%"
"05/02/2021","1,135.50","1,117.92","1,135.50","1,117.92","139.78K","1.59%"
"04/02/2021","1,117.74","1,117.52","1,126.64","1,103.11","155.64K","-0.02%"
"03/02/2021","1,117.98","1,080.23","1,122.04","1,080.23","204.90K","3.55%"
"02/02/2021","1,079.70","1,029.55","1,079.87","1,025.18","162.84K","4.84%"
"01/02/2021","1,029.86","1,048.01","1,068.93","1,029.21","175.34K","-1.76%"
"29/01/2021","1,048.31","1,009.96","1,070.05","978.85","242.65K","3.72%"
"28/01/2021","1,010.75","1,080.83","1,080.83","1,008.53","282.13K","-6.73%"
"27/01/2021","1,083.63","1,122.92","1,125.25","1,073.74","241.01K","-3.69%"
"26/01/2021","1,125.09","1,153.94","1,155.32","1,107.54","236.71K","-2.53%"
"25/01/2021","1,154.29","1,156.55","1,164.70","1,149.26","198.48K","-0.20%"
"22/01/2021","1,156.58","1,151.30","1,164.45","1,147.88","210.39K","0.46%"
"21/01/2021","1,151.30","1,116.21","1,152.90","1,114.26","204.60K","3.14%"
"20/01/2021","1,116.21","1,108.92","1,121.97","1,073.13","262.60K","0.80%"
"19/01/2021","1,107.32","1,173.27","1,173.61","1,098.47","324.71K","-5.63%"
"18/01/2021","1,173.34","1,183.25","1,188.53","1,171.96","199.29K","-0.75%"
"15/01/2021","1,182.20","1,169.27","1,185.46","1,169.27","211.72K","1.13%"
"14/01/2021","1,168.99","1,165.22","1,169.97","1,156.58","229.62K","0.38%"
"13/01/2021","1,164.57","1,169.16","1,178.44","1,161.87","187.36K","-0.38%"
"12/01/2021","1,169.03","1,163.44","1,169.38","1,155.90","202.52K","0.48%"
"11/01/2021","1,163.40","1,148.06","1,165.99","1,148.06","222.79K","1.35%"
"08/01/2021","1,147.86","1,131.00","1,156.38","1,131.00","220.09K","1.53%"
"07/01/2021","1,130.59","1,113.88","1,130.59","1,113.88","215.40K","1.51%"
"06/01/2021","1,113.72","1,105.74","1,125.63","1,104.99","225.23K","0.85%"
"05/01/2021","1,104.30","1,090.71","1,106.29","1,086.07","191.64K","1.14%"
"04/01/2021","1,091.87","1,072.44","1,097.61","1,072.44","233.73K","1.97%"